{
    "loss": 0.3966027498245239,
    "accuracy": 0.7441860437393188
}